CS_ID,url,address,Property_info
LN-19219393,https://www.loopnet.com/Listing/7714-176th-St-Puyallup-WA/19219393/,"7714 176th St, Puyallup, WA 98375","{'Sale Type': 'Investment', 'Property Type': 'Retail', 'Property Subtype': 'Service Station', 'Building Size': '3,000 SF', 'Building Class': 'B', 'Year Built': '2020', 'Price': '$4,544,444', 'Price Per SF': '$1,515', 'Cap Rate': '4.50%', 'Year-1 NOI': '$204,500', 'Percent Leased': '100%', 'Building Height': '1 Story', 'Building FAR': '0.07', 'Land Acres': '0.95 AC'}"
LN-21468327,https://www.loopnet.com/Listing/420-N-Meridian-Puyallup-WA/21468327/,"420 N Meridian, Puyallup, WA 98371","{'Sale Type': 'Owner User', 'Property Type': 'Office', 'Building Size': '4,224 SF', 'Building Class': 'B', 'Year Built/Renovated': '1961/2007', 'Price': '$995,000', 'Price Per SF': '$236', 'Percent Leased': 'Vacant', 'Tenancy': 'Multiple', 'Building Height': '1 Story', 'Typical Floor Size': '4,224 SF', 'Building FAR': '0.32', 'Land Acres': '0.30 AC'}"
LN-21467470,https://www.loopnet.com/Listing/8819-Pacific-Ave-Tacoma-WA/21467470/,"8819 Pacific Ave, Tacoma, WA 98444","{'Price': '$3,400,000', 'BuildingClass': 'C', 'PricePerUnit': '$161,905', 'LotSize': '0.86AC', 'SaleType': 'Investment', 'BuildingSize': '14,610SF', 'CapRate': '6.25%', 'AverageOccupancy': '100%', 'No.Units': '21', 'No.Stories': '3', 'PropertyType': 'Multifamily', 'YearBuilt': '2002', 'PropertySubtype': 'Apartment', 'ParkingRatio': '2.6/1,000SF', 'ApartmentStyle': 'LowRise', 'OpportunityZone': 'No'}"
LN-21460973,https://www.loopnet.com/Listing/1604-S-Meridian-Puyallup-WA/21460973/,"1604 S Meridian, Puyallup, WA 98371","{'Price': '$900,000', 'PropertySubtype': 'Commercial', 'SaleType': 'Investment', 'ProposedUse': 'OfficeGeneralFreestandingMedical', 'No.Lots': '1', 'TotalLotSize': '0.76AC', 'PropertyType': 'Land', 'OpportunityZone': 'No'}"
LN-21459049,https://www.loopnet.com/Listing/2901-2915-Bridgeport-Way-W-University-Place-WA/21459049/,"2901-2915 Bridgeport Way W, University Place, WA 98466","{'Price': '$9,800,000', 'LotSize': '2.34AC', 'PricePerBed': '$9,800,000', 'BuildingSize': '29,962SF', 'SaleType': 'Investment', 'No.Beds': '1', 'CapRate': '6.18%', 'No.Stories': '1', 'PropertyType': 'HealthCare', 'YearBuilt/Renovated': '1969/2017', 'PropertySubtype': 'SkilledNursingFacility', 'ParkingRatio': '0.56/1,000SF', 'BuildingClass': 'C', 'OpportunityZone': 'No'}"
LN-21423976,https://www.loopnet.com/Listing/808-N-2nd-St-Tacoma-WA/21423976/,"808 N 2nd St, Tacoma, WA 98403","{'Sale Type': 'Investment or Owner User', 'Property Type': 'Office', 'Building Size': '2,044 SF', 'Building Class': 'B', 'Year Built': '1985', 'Price': '$899,000', 'Price Per SF': '$440', 'Tenancy': 'Single', 'Building Height': '1 Story', 'Typical Floor Size': '2,044 SF', 'Building FAR': '0.67', 'Land Acres': '0.07 AC'}"
LN-21355235,https://www.loopnet.com/Listing/3906-S-74th-St-Tacoma-WA/21355235/,"3906 S 74th St, Tacoma, WA 98409","{'Sale Type': 'Investment', 'Property Type': 'Office', 'Building Size': '24,440 SF', 'Building Class': 'B', 'Year Built': '1995', 'Price': '$3,295,000', 'Price Per SF': '$135', 'Cap Rate': '6.99%', 'Year-1 NOI': '$230,181', 'Percent Leased': '100%', 'Tenancy': 'Multiple', 'Building Height': '2 Stories', 'Typical Floor Size': '12,220 SF', 'Building FAR': '0.22', 'Land Acres': '2.53 AC'}"
LN-21333154,https://www.loopnet.com/Listing/120-136th-St-S-Tacoma-WA/21333154/,"120 136th St S, Tacoma, WA 98444","{'Price': '$8,300,000', 'BuildingClass': 'C', 'PricePerUnit': '$129,688', 'LotSize': '2.23AC', 'SaleType': 'Investment', 'BuildingSize': '39,450SF', 'CapRate': '4.13%', 'AverageOccupancy': '100%', 'GrossRentMultiplier': '12', 'No.Stories': '2', 'No.Units': '64', 'YearBuilt/Renovated': '1969/2015', 'PropertyType': 'Multifamily', 'ParkingRatio': '2.18/1,000SF', 'PropertySubtype': 'Apartment', 'OpportunityZone': 'Yes', 'ApartmentStyle': 'Garden', '': ''}"
LN-21281360,https://www.loopnet.com/Listing/732-Broadway-Tacoma-WA/21281360/,"732 Broadway, Tacoma, WA 98402","{'Price': '$525,000', 'BuildingClass': 'B', 'UnitSize': '2,950SF', 'Floors': '3', 'No.Units': '1', 'TypicalFloorSize': '6,000SF', 'TotalBuildingSize': '18,000SF', 'YearBuilt': '1919', 'PropertyType': 'Office(Condo)', 'LotSize': '0.14AC', 'SaleType': 'OwnerUser', 'OpportunityZone': 'Yes'}"
LN-21271463,https://www.loopnet.com/Listing/3130-S-23rd-St-Tacoma-WA/21271463/,"3130 S 23rd St, Tacoma, WA 98405","{'Sale Type': 'Investment', 'Property Type': 'Retail', 'Property Subtype': 'Supermarket', 'Building Size': '61,484 SF', 'Building Class': 'B', 'Year Built': '1991', 'Price': '$13,700,000', 'Price Per SF': '$223', 'Percent Leased': '100%', 'Tenancy': 'Multiple', 'Building Height': '1 Story', 'Loading Docks': '2 Exterior', 'Building FAR': '0.25', 'Land Acres': '5.62 AC'}"
LN-21237326,https://www.loopnet.com/Listing/3205-E-D-St-Tacoma-WA/21237326/,"3205 E D St, Tacoma, WA 98404","{'Price': '$765,000', 'ApartmentStyle': 'LowRise', 'PricePerUnit': '$191,250', 'BuildingClass': 'C', 'SaleType': 'Investment', 'LotSize': '0.18AC', 'CapRate': '6.85%', 'BuildingSize': '3,008SF', 'GrossRentMultiplier': '11', 'No.Stories': '2', 'No.Units': '4', 'YearBuilt/Renovated': '1979/2016', 'PropertyType': 'Multifamily', 'ParkingRatio': '1.99/1,000SF', 'PropertySubtype': 'Apartment', 'OpportunityZone': 'No'}"
LN-21229870,https://www.loopnet.com/Listing/2202-84th-St-E-Lakewood-WA/21229870/,"2202 84th St E, Lakewood, WA 98499","{'Sale Type': 'Investment or Owner User', 'Property Type': 'Retail', 'Property Subtype': 'RestaurantRestaurantGeneral Retail FreestandingRestaurant', 'Building Size': '4,995 SF', 'Building Class': 'B', 'Year Built': '2000', 'Price': '$1,499,000', 'Price Per SF': '$300', 'Cap Rate': '6%', 'Year-1 NOI': '$89,940', 'Tenancy': 'Single', 'Building Height': '1 Story', 'Building FAR': '0.17', 'Land Acres': '0.66 AC'}"
LN-21227269,https://www.loopnet.com/Listing/1720-S-7th-St-Tacoma-WA/21227269/,"1720 S 7th St, Tacoma, WA 98405","{'Price': '$5,000,000', 'No.Stories': '2', 'PricePerSF': '$134', 'YearBuilt': '1950', 'SaleType': 'InvestmentorOwnerUser', 'Tenancy': 'Single', 'PropertyType': 'Industrial', 'ParkingRatio': '0.4/1,000SF', 'PropertySubtype': 'Manufacturing', 'ClearCeilingHeight': '14FT-18FT', 'BuildingClass': 'C', 'No.Dock-HighDoors/Loading': '1', 'LotSize': '0.81AC', 'No.DriveIn/Grade-LevelDoors': '2', 'RentableBuildingArea': '37,450SF', 'OpportunityZone': 'No'}"
LN-21220699,https://www.loopnet.com/Listing/10625-Sheridan-Ave-S-Tacoma-WA/21220699/,"10625 Sheridan Ave S, Tacoma, WA 98444","{'Price': '$400,000', 'BuildingSize': '1,686SF', 'PricePerUnit': '$200,000', 'AverageOccupancy': '100%', 'SaleType': 'Investment', 'No.Stories': '1', 'CapRate': '6.79%', 'YearBuilt/Renovated': '1952/2020', 'GrossRentMultiplier': '13', 'ParkingRatio': '3.56/1,000SF', 'No.Units': '2', 'OpportunityZone': 'No', 'PropertyType': 'Multifamily', '': ''}"
LN-21219154,https://www.loopnet.com/Listing/1014-1016-Martin-Luther-King-Jr-Way-Tacoma-WA/21219154/,"1014-1016 Martin Luther King Jr Way, Tacoma, WA 98405","{'Price': '$2,200,000', 'BuildingClass': 'C', 'PricePerUnit': '$183,333', 'LotSize': '0.15AC', 'SaleType': 'Investment', 'BuildingSize': '8,900SF', 'No.Units': '12', 'No.Stories': '2', 'PropertyType': 'Multifamily', 'YearBuilt/Renovated': '1911/2007', 'PropertySubtype': 'Apartment', 'OpportunityZone': 'Yes', 'ApartmentStyle': 'LowRise', '': ''}"
LN-21216969,https://www.loopnet.com/Listing/1302-S-23rd-St-Tacoma-WA/21216969/,"1302 S 23rd St, Tacoma, WA 98405","{'Sale Type': 'Investment or Owner User', 'Property Type': 'Retail', 'Property Subtype': 'Storefront Retail/Residential', 'Building Size': '3,300 SF', 'Building Class': 'C', 'Year Built': '1955', 'Price': '$699,950', 'Price Per SF': '$212', 'Percent Leased': 'Vacant', 'Tenancy': 'Multiple', 'Building Height': '2 Stories', 'Building FAR': '0.34', 'Land Acres': '0.22 AC'}"
LN-21180300,https://www.loopnet.com/Listing/6249-Tacoma-Mall-Blvd-Tacoma-WA/21180300/,"6249 Tacoma Mall Blvd, Tacoma, WA 98409","{'Sale Type': 'Investment NNN', 'Property Type': 'Retail', 'Property Subtype': 'FreestandingFreestandingGeneral Retail StorefrontIndustrial DistributionFlexLight DistributionFreestanding', 'Building Size': '6,703 SF', 'Building Class': 'B', 'Year Built/Renovated': '1990/2015', 'Price': '$2,000,528', 'Price Per SF': '$298', 'Cap Rate': '6.25%', 'Year-1 NOI': '$125,033', 'Tenancy': 'Single', 'Building Height': '1 Story', 'Building FAR': '0.31', 'Land Acres': '0.49 AC'}"
LN-21178181,https://www.loopnet.com/Listing/9918-162nd-St-Ct-E-Puyallup-WA/21178181/,"9918 162nd St Ct E, Puyallup, WA 98375","{'Price': '$392,500', 'BuildingClass': 'B', 'UnitSize': '2,469SF', 'Floors': '1', 'No.Units': '1', 'TypicalFloorSize': '24,240SF', 'TotalBuildingSize': '24,240SF', 'YearBuilt': '2000', 'PropertyType': 'Industrial(Condo)', 'LotSize': '2.24AC', 'PropertySubtype': 'Warehouse', 'ParkingRatio': '0.83/1,000SF', 'SaleType': 'InvestmentorOwnerUser', 'OpportunityZone': 'No'}"
LN-21177960,https://www.loopnet.com/Listing/18406-Veterans-Memorial-Dr-Bonney-Lake-WA/21177960/,"18406 Veterans Memorial Dr, Bonney Lake, WA 98391","{'Price': '$750,000', 'PropertySubtype': 'Commercial', 'SaleType': 'Investment', 'ProposedUse': 'CommercialRetailOfficeApartmentUnitsRestaurant', 'No.Lots': '1', 'TotalLotSize': '1.65AC', 'PropertyType': 'Land', 'OpportunityZone': 'No'}"
LN-21167046,https://www.loopnet.com/Listing/9902-200th-Ave-Bonney-Lake-WA/21167046/,"9902 200th Ave, Bonney Lake, WA 98391","{'Sale Type': 'Investment NNN', 'Sale Condition': 'Build to Suit', 'Property Type': 'Retail', 'Property Subtype': 'FreestandingFreestandingGeneral Retail Convenience StoreGeneral Retail Service StationGeneral Retail StorefrontFreestanding', 'Building Size': '3,062 SF', 'Building Class': 'C', 'Year Built': '2020', 'Price': '$5,133,333', 'Price Per SF': '$1,676', 'Cap Rate': '4.50%', 'Year-1 NOI': '$231,000', 'Tenancy': 'Single', 'Building Height': '1 Story', 'Building FAR': '0.08', 'Land Acres': '0.87 AC'}"
LN-21155118,https://www.loopnet.com/Listing/6701-6707-Tyee-Dr-NW-Gig-Harbor-WA/21155118/,"6701-6707 Tyee Dr NW, Gig Harbor, WA 98332","{'Sale Type': 'Investment', 'Property Type': 'Retail', 'Property Subtype': 'Storefront', 'Building Size': '14,198 SF', 'Building Class': 'C', 'Year Built': '1963', 'Price': '$3,450,000', 'Price Per SF': '$243', 'Cap Rate': '6.09%', 'Year-1 NOI': '$210,000', 'Percent Leased': '100%', 'Tenancy': 'Multiple', 'Building Height': '1 Story', 'Building FAR': '0.23', 'Land Acres': '1.39 AC'}"
LN-21112028,https://www.loopnet.com/Listing/10201-29th-St-E-Puyallup-WA/21112028/,"10201 29th St E, Puyallup, WA 98371","{'Price': '$550,000', 'ProposedUse': 'CommercialIndustrialRetailOfficeMixedUseMultifamily', 'SaleType': 'Investment', 'TotalLotSize': '1.38AC', 'No.Lots': '1', 'CrossStreets': 'MeridianAveE', 'PropertyType': 'Land', 'OpportunityZone': 'No', 'PropertySubtype': 'Commercial', '': ''}"
LN-21099885,https://www.loopnet.com/Listing/1950-S-State-St-Tacoma-WA/21099885/,"1950 S State St, Tacoma, WA 98405","{'Price': '$17,250,000', 'No.Stories': '2', 'PricePerSF': '$71', 'YearBuilt': '1974', 'SaleType': 'InvestmentorOwnerUser', 'Tenancy': 'Single', 'PropertyType': 'Flex', 'ParkingRatio': '1.65/1,000SF', 'PropertySubtype': 'LightManufacturing', 'ClearCeilingHeight': '14FT-22FT', 'BuildingClass': 'B', 'No.Dock-HighDoors/Loading': '13', 'LotSize': '13.47AC', 'No.DriveIn/Grade-LevelDoors': '1', 'RentableBuildingArea': '242,000SF', 'OpportunityZone': 'No'}"
LN-21081765,https://www.loopnet.com/Listing/119-Mashell-Ave-S-Eatonville-WA/21081765/,"119 Mashell Ave S, Eatonville, WA 98328","{'Sale Type': 'Investment', 'Property Type': 'Retail', 'Property Subtype': 'BarBarGeneral Retail RestaurantBar', 'Building Size': '1,464 SF', 'Building Class': 'B', 'Year Built/Renovated': '1950/2020', 'Price': '$359,000', 'Price Per SF': '$245', 'Tenancy': 'Single', 'Building Height': '1 Story', 'Building FAR': '0.42', 'Land Acres': '0.08 AC'}"
LN-21058749,https://www.loopnet.com/Listing/4201-S-Steele-St-Tacoma-WA/21058749/,"4201 S Steele St, Tacoma, WA 98409","{'Sale Type': 'Owner User', 'Property Type': 'Retail', 'Property Subtype': 'Restaurant', 'Building Size': '6,737 SF', 'Building Class': 'B', 'Year Built': '1993', 'Price': '$3,300,000', 'Price Per SF': '$490', 'Tenancy': 'Single', 'Building Height': '1 Story', 'Building FAR': '0.16', 'Land Acres': '0.95 AC'}"
LN-21027824,https://www.loopnet.com/Listing/215-23rd-Ave-SW-Puyallup-WA/21027824/,"215 23rd Ave SW, Puyallup, WA 98371","{'Price': '$4,100,000', 'BuildingClass': 'C', 'PricePerUnit': '$273,333', 'LotSize': '0.88AC', 'SaleType': 'Investment', 'BuildingSize': '20,060SF', 'CapRate': '5.15%', 'AverageOccupancy': '100%', 'GrossRentMultiplier': '12.6', 'No.Stories': '3', 'No.Units': '15', 'YearBuilt': '1993', 'PropertyType': 'Multifamily', 'ParkingRatio': '1.84/1,000SF', 'PropertySubtype': 'Apartment', 'OpportunityZone': 'No', 'ApartmentStyle': 'LowRise', '': ''}"
LN-20994297,https://www.loopnet.com/Listing/216-220-Puyallup-Ave-Tacoma-WA/20994297/,"216-220 Puyallup Ave, Tacoma, WA 98421","{'Price': '$3,995,000', 'LotSize': '0.41AC', 'PricePerSF': '$121', 'BuildingSize': '32,892SF', 'SaleType': 'Investment', 'No.Stories': '4', 'CapRate': '4.56%', 'YearBuilt/Renovated': '1907/1987', 'PropertyType': 'Specialty', 'ParkingRatio': '0.46/1,000SF', 'PropertySubtype': 'Self-Storage', 'OpportunityZone': 'No', 'BuildingClass': 'C', '': ''}"
LN-20956338,https://www.loopnet.com/Listing/4404-S-Meridian-Puyallup-WA/20956338/,"4404 S Meridian, Puyallup, WA 98373","{'Sale Type': 'Investment', 'Property Type': 'Retail', 'Property Subtype': 'Drug StoreDrug StoreGeneral Retail FreestandingDrug Store', 'Building Size': '14,355 SF', 'Year Built': '2002', 'Price': '$6,230,000', 'Price Per SF': '$434', 'Cap Rate': '6.50%', 'Year-1 NOI': '$405,000', 'Percent Leased': '100%', 'Building Height': '1 Story', 'Building FAR': '0.24', 'Land Acres': '1.35 AC'}"
LN-20769216,https://www.loopnet.com/Listing/8113-John-Dower-Rd-SW-Lakewood-WA/20769216/,"8113 John Dower Rd SW, Lakewood, WA 98499","{'Price': '$1,950,000', 'ApartmentStyle': 'Garden', 'PricePerUnit': '$195,000', 'BuildingClass': 'C', 'SaleType': 'Investment', 'LotSize': '1.91AC', 'CapRate': '5.64%', 'BuildingSize': '13,372SF', 'GrossRentMultiplier': '11.2', 'No.Stories': '2', 'No.Units': '10', 'YearBuilt/Renovated': '1965/1978', 'PropertyType': 'Multifamily', 'ParkingRatio': '0.37/1,000SF', 'PropertySubtype': 'Apartment', 'OpportunityZone': 'No'}"
LN-20742136,https://www.loopnet.com/Listing/9810-Pacific-Ave-Tacoma-WA/20742136/,"9810 Pacific Ave, Tacoma, WA 98444","{'Sale Type': 'Investment', 'Property Type': 'Retail', 'Property Subtype': 'Fast Food', 'Building Size': '1,682 SF', 'Building Class': 'B', 'Year Built': '2017', 'Price': '$2,350,000', 'Price Per SF': '$1,397', 'Cap Rate': '5.49%', 'Year-1 NOI': '$129,000', 'Tenancy': 'Single', 'Building Height': '1 Story', 'Building FAR': '0.04', 'Land Acres': '0.93 AC'}"
LN-20733602,https://www.loopnet.com/Listing/8405-Pacific-Ave-Tacoma-WA/20733602/,"8405 Pacific Ave, Tacoma, WA 98444","{'Sale Type': 'Investment', 'Property Type': 'Retail', 'Property Subtype': 'Drug Store', 'Building Size': '14,000 SF', 'Building Class': 'C', 'Year Built': '1997', 'Price': '$4,100,000', 'Price Per SF': '$293', 'Tenancy': 'Single', 'Building Height': '1 Story', 'Building FAR': '0.22', 'Land Acres': '1.46 AC'}"
LN-20691852,https://www.loopnet.com/Listing/6317-E-Portland-Ave-Tacoma-WA/20691852/,"6317 E Portland Ave, Tacoma, WA 98404","{'Sale Type': 'Investment or Owner User', 'Property Type': 'Retail', 'Property Subtype': 'Storefront Retail/OfficeStorefront Retail/OfficeOffice Office ResidentialStorefront Retail/Office', 'Building Size': '1,616 SF', 'Building Class': 'B', 'Year Built/Renovated': '1946/2018', 'Price': '$400,000', 'Price Per SF': '$248', 'Percent Leased': '24%', 'Tenancy': 'Multiple', 'Building Height': '2 Stories', 'Building FAR': '0.24', 'Land Acres': '0.15 AC'}"
LN-20637101,https://www.loopnet.com/Listing/11311-164th-St-E-Puyallup-WA/20637101/,"11311 164th St E, Puyallup, WA 98374","{'Price': '$1,500,000', 'RentableBuildingArea': '2,113SF', 'PricePerSF': '$710', 'No.Stories': '1', 'SaleType': 'InvestmentorOwnerUser', 'YearBuilt/Renovated': '1976/1986', 'PropertyType': 'IndustrialOfficeIndustrialLiveWorkUnit', 'Tenancy': 'Single', 'BuildingClass': 'C', 'OpportunityZone': 'No', 'LotSize': '4.60AC', '': ''}"
LN-20292461,https://www.loopnet.com/Listing/Phelps-Tire-Factory/20292461/,Phelps Tire Factory,"{'Price': '$2,200,000', 'NumberofProperties': '2', 'Price/SF': '$285.71/SF', 'IndividuallyForSale': '0', 'SaleType': 'Investment', 'TotalBuildingSize': '7,700SF', 'Status': 'UnderContract', 'TotalLandArea': '55.62AC'}"
LN-20257323,https://www.loopnet.com/Listing/1009-1013-Pacific-Ave-Tacoma-WA/20257323/,"1009-1013 Pacific Ave, Tacoma, WA 98402","{'Sale Type': 'Owner User', 'Sale Conditions': 'Deferred MaintenanceDeferred MaintenanceHigh Vacancy PropertyRedevelopment ProjectDeferred Maintenance', 'Property Type': 'Retail', 'Property Subtype': 'Storefront Retail/OfficeStorefront Retail/OfficeOfficeLoft Creative SpaceOffice Telecom Hotel Data HostingOffice Office ResidentialStorefront Retail/Office', 'Building Size': '30,368 SF', 'Building Class': 'C', 'Year Built': '1928', 'Price': '$3,500,000', 'Price Per SF': '$115', 'Tenancy': 'Single', 'Building Height': '3 Stories', 'Building FAR': '3.32', 'Land Acres': '0.21 AC'}"
LN-20205607,https://www.loopnet.com/Listing/6403-6413-Steilacoom-Blvd-SW-Lakewood-WA/20205607/,"6403-6413 Steilacoom Blvd SW, Lakewood, WA 98499","{'Sale Type': 'Investment or Owner User', 'Property Type': 'Retail', 'Property Subtype': 'Storefront Retail/Residential', 'Building Size': '9,982 SF', 'Building Class': 'C', 'Year Built': '1944', 'Price': '$1,250,000', 'Price Per SF': '$125', 'Cap Rate': '6.72%', 'Year-1 NOI': '$84,000', 'Percent Leased': 'Vacant', 'Tenancy': 'Multiple', 'Building Height': '2 Stories', 'Building FAR': '0.57', 'Land Acres': '0.40 AC'}"
LN-20205501,https://www.loopnet.com/Listing/16317-Pacific-Ave-S-Spanaway-WA/20205501/,"16317 Pacific Ave S, Spanaway, WA 98387","{'Sale Type': 'Investment or Owner User', 'Property Type': 'RetailRetailFlex Light ManufacturingShowroomIndustrial ServiceRetail', 'Building Size': '6,093 SF', 'Year Built/Renovated': '1925/1980', 'Price': '$400,000', 'Price Per SF': '$66', 'Percent Leased': '100%', 'Building Height': '1 Story'}"
LN-20204306,https://www.loopnet.com/Listing/Nisqually-Power-Station/20204306/,Nisqually Power Station,"{'Price': '$3,650,000', 'NumberofProperties': '2', 'Price/SF': '$145.34/SF', 'IndividuallyForSale': '0', 'SaleType': 'InvestmentorOwnerUser', 'TotalBuildingSize': '25,114SF', 'Status': 'Active', 'TotalLandArea': '0.94AC'}"
LN-20107835,https://www.loopnet.com/Listing/8717-Key-Peninsula-Hwy-NW-Lakebay-WA/20107835/,"8717 Key Peninsula Hwy NW, Lakebay, WA 98349","{'Price': '$815,000', 'PropertySubtype': 'Commercial', 'SaleType': 'OwnerUser', 'ProposedUse': 'CommercialMixedUseAutoDealershipCommunityCenterDistributionFastFoodGeneralFreestandingHoldForDevelopmentHotelIndustrialLiveorWorkUnitOpenSpaceParkingLotRetailWarehouseSelfStorageWineryorVineyard', 'SaleConditions': 'RedevelopmentProject', 'TotalLotSize': '6.70AC', 'No.Lots': '1', 'OpportunityZone': 'No', 'PropertyType': 'Land', '': ''}"
LN-20005938,https://www.loopnet.com/Listing/12811-Pacific-Hwy-SW-Lakewood-WA/20005938/,"12811 Pacific Hwy SW, Lakewood, WA 98499","{'Price': '$6,225,000', 'No.Stories': '2', 'PricePerSF': '$651', 'YearBuilt/Renovated': '2005/2019', 'SaleType': 'Investment', 'Tenancy': 'Single', 'CapRate': '5.85%', 'ParkingRatio': '2.51/1,000SF', 'PropertyType': 'Flex', 'ClearCeilingHeight': '16FT', 'BuildingClass': 'B', 'No.DriveIn/Grade-LevelDoors': '6', 'LotSize': '0.60AC', 'OpportunityZone': 'Yes', 'RentableBuildingArea': '9,567SF', '': ''}"
LN-19962444,https://www.loopnet.com/Listing/2412-136th-Ave-Ct-E-Sumner-WA/19962444/,"2412 136th Ave Ct E, Sumner, WA 98390","{'Sale Type': 'Investment', 'Property Type': 'Retail', 'Building Size': '3,010 SF', 'Building Class': 'C', 'Year Built': '2020', 'Price': '$5,560,000', 'Price Per SF': '$1,847', 'Cap Rate': '4.50%', 'Year-1 NOI': '$250,200', 'Percent Leased': '100%', 'Building Height': '1 Story', 'Building FAR': '0.08', 'Land Acres': '0.85 AC'}"
LN-19897173,https://www.loopnet.com/Listing/217-W-Stewart-Ave-Puyallup-WA/19897173/,"217 W Stewart Ave, Puyallup, WA 98371","{'Price': '$1,499,999', 'No.Stories': '2', 'PricePerSF': '$130', 'YearBuilt/Renovated': '1988/1992', 'SaleType': 'OwnerUser', 'Tenancy': 'Single', 'PropertyType': 'Industrial', 'ParkingRatio': '0.52/1,000SF', 'PropertySubtype': 'Warehouse', 'No.Dock-HighDoors/Loading': '2', 'BuildingClass': 'B', 'No.DriveIn/Grade-LevelDoors': '1', 'LotSize': '0.30AC', 'OpportunityZone': 'No', 'RentableBuildingArea': '11,520SF', '': ''}"
LN-19874406,https://www.loopnet.com/Listing/6319-112th-St-E-Puyallup-WA/19874406/,"6319 112th St E, Puyallup, WA 98373","{'Price': '$1,750,000', 'RentableBuildingArea': '8,302SF', 'PricePerSF': '$211', 'No.Stories': '1', 'SaleType': 'OwnerUser', 'YearBuilt': '1977', 'PropertyType': 'Industrial', 'ParkingRatio': '1.81/1,000SF', 'PropertySubtype': 'Warehouse', 'No.DriveIn/Grade-LevelDoors': '4', 'BuildingClass': 'C', 'OpportunityZone': 'No', 'LotSize': '2.11AC', '': ''}"
LN-19859913,https://www.loopnet.com/Listing/6314-19th-St-W-Fircrest-WA/19859913/,"6314 19th St W, Fircrest, WA 98466","{'Price': '$350,000', 'Floors': '2', 'UnitSize': '1,360SF', 'TypicalFloorSize': '11,000SF', 'No.Units': '1', 'YearBuilt': '1985', 'TotalBuildingSize': '21,000SF', 'Tenancy': 'Single', 'PropertyType': 'Office(Condo)', 'LotSize': '1.44AC', 'PropertySubtype': 'OfficeLive/WorkUnit', 'ParkingRatio': '0.85/1,000SF', 'SaleType': 'InvestmentorOwnerUser', 'OpportunityZone': 'No', 'BuildingClass': 'C', '': ''}"
LN-19859248,https://www.loopnet.com/Listing/2418-136th-Avenue-Ct-E-Sumner-WA/19859248/,"2418 136th Avenue Ct E, Sumner, WA 98390","{'Sale Type': 'Investment', 'Property Type': 'Retail', 'Property Subtype': 'Fast Food', 'Building Size': '2,200 SF', 'Building Class': 'C', 'Year Built': '2020', 'Price': '$2,880,000', 'Price Per SF': '$1,309', 'Cap Rate': '4.50%', 'Year-1 NOI': '$129,600', 'Percent Leased': '100%', 'Building Height': '1 Story', 'Building FAR': '0.10', 'Land Acres': '0.50 AC'}"
LN-19704420,https://www.loopnet.com/Listing/136-Stewart-Rd-SW-Pacific-WA/19704420/,"136 Stewart Rd SW, Pacific, WA 98047","{'Price': '$6,700,000', 'RentableBuildingArea': '45,797SF', 'PricePerSF': '$146', 'No.Stories': '2', 'SaleType': 'Investment', 'YearBuilt/Renovated': '1969/1980', 'CapRate': '7.02%', 'ParkingRatio': '0.3/1,000SF', 'PropertyType': 'FlexIndustrialManufacturingIndustrialWarehouseIndustrialService', 'ClearCeilingHeight': '14FT', 'BuildingClass': 'C', 'No.DriveIn/Grade-LevelDoors': '4', 'LotSize': '2.78AC', 'OpportunityZone': 'No'}"
LN-19639036,https://www.loopnet.com/Listing/Midland-Commercial-Tacoma-Parkland/19639036/,Midland Commercial - Tacoma/Parkland,"{'Price': '$600,000', 'Status': 'Active', 'Price/SF': '$250.00/SF', 'NumberofProperties': '2', 'CapRate': '7%', 'IndividuallyForSale': '0', 'SaleType': 'InvestmentorOwnerUser', 'TotalBuildingSize': '2,400SF'}"
LN-19627971,https://www.loopnet.com/Listing/12811-Pacific-Ave-S-Tacoma-WA/19627971/,"12811 Pacific Ave S, Tacoma, WA 98444","{'Sale Type': 'Investment', 'Property Type': 'Retail', 'Building Size': '500 SF', 'Building Class': 'C', 'Year Built': '2020', 'Price': '$1,470,000', 'Price Per SF': '$2,940', 'Cap Rate': '6.02%', 'Year-1 NOI': '$88,488', 'Percent Leased': '100%', 'Building Height': '1 Story', 'Building FAR': '0.03', 'Land Acres': '0.38 AC'}"
LN-19626041,https://www.loopnet.com/Listing/1824-S-Meridian-St-Puyallup-WA/19626041/,"1824 S Meridian St, Puyallup, WA 98371","{'Sale Type': 'Owner User', 'Property Type': 'Office', 'Building Size': '1,728 SF', 'Building Class': 'C', 'Year Built': '1975', 'Price': '$575,000', 'Price Per SF': '$333', 'Tenancy': 'Single', 'Building Height': '1 Story', 'Typical Floor Size': '1,728 SF', 'Slab To Slab': '9’', 'Building FAR': '0.04', 'Land Acres': '0.91 AC'}"
LN-19597690,https://www.loopnet.com/Listing/602-Tacoma-Ave-S-Tacoma-WA/19597690/,"602 Tacoma Ave S, Tacoma, WA 98402","{'Price': '$1,800,000', 'PropertySubtype': 'Commercial', 'SaleType': 'Investment', 'ProposedUse': 'RetailOfficeMultifamilyApartmentUnitsSchools', 'No.Lots': '1', 'TotalLotSize': '0.37AC', 'PropertyType': 'Land', 'OpportunityZone': 'No'}"
LN-18771550,https://www.loopnet.com/Listing/10117-S-Tacoma-Way-Lakewood-WA/18771550/,"10117 S Tacoma Way, Lakewood, WA 98499","{'Price': '$8,800,000', 'LotSize': '2.97AC', 'PricePerSF': '$352', 'BuildingSize': '24,967SF', 'SaleType': 'Investment', 'No.Stories': '1', 'CapRate': '6.25%', 'YearBuilt': '2003', 'PropertyType': 'Sports&Entertainment', 'ParkingRatio': '8.01/1,000SF', 'PropertySubtype': 'Casino', 'OpportunityZone': 'No', 'BuildingClass': 'B', '': ''}"
LN-18746763,https://www.loopnet.com/Listing/412-E-Main-Puyallup-WA/18746763/,"412 E Main, Puyallup, WA 98372","{'Sale Type': 'Owner User', 'Property Type': 'Retail', 'Property Subtype': 'Freestanding', 'Building Size': '4,428 SF', 'Building Class': 'B', 'Year Built': '1976', 'Price': '$769,500', 'Price Per SF': '$174', 'Tenancy': 'Single', 'Building Height': '2 Stories', 'Building FAR': '0.39', 'Land Acres': '0.26 AC'}"
LN-18710758,https://www.loopnet.com/Listing/8217-S-Hosmer-St-Tacoma-WA/18710758/,"8217 S Hosmer St, Tacoma, WA 98408","{'Price': '$1,190,000', 'PropertySubtype': 'Commercial', 'SaleType': 'Investment', 'ProposedUse': 'Retail', 'No.Lots': '1', 'TotalLotSize': '0.85AC', 'PropertyType': 'Land', 'OpportunityZone': 'No'}"
LN-18591703,https://www.loopnet.com/Listing/5601-Soundview-Dr-Gig-Harbor-WA/18591703/,"5601 Soundview Dr, Gig Harbor, WA 98335","{'Sale Type': 'Owner User', 'Property Type': 'Retail', 'Property Subtype': 'Restaurant', 'Building Size': '6,686 SF', 'Building Class': 'B', 'Year Built': '1982', 'Price': '$2,250,000', 'Price Per SF': '$337', 'Tenancy': 'Single', 'Building Height': '1 Story', 'Building FAR': '0.20', 'Land Acres': '0.75 AC'}"
LN-18503239,https://www.loopnet.com/Listing/2515-N-Stevens-St-Tacoma-WA/18503239/,"2515 N Stevens St, Tacoma, WA 98406","{'Sale Type': 'Owner User', 'Property Type': 'Retail', 'Building Size': '2,600 SF', 'Year Built/Renovated': '1959/2015', 'Price': '$995,000', 'Price Per SF': '$383', 'Percent Leased': 'Vacant', 'Building Height': '1 Story', 'Building FAR': '0.24', 'Land Acres': '0.25 AC'}"
LN-18498353,https://www.loopnet.com/Listing/125-S-Meridian-Puyallup-WA/18498353/,"125 S Meridian, Puyallup, WA 98371","{'Sale Type': 'Investment', 'Property Type': 'Retail', 'Property Subtype': 'Storefront', 'Building Size': '9,900 SF', 'Building Class': 'C', 'Year Built/Renovated': '1948/1983', 'Price': '$1,499,000', 'Price Per SF': '$151', 'Cap Rate': '7.15%', 'Year-1 NOI': '$107,133', 'Tenancy': 'Single', 'Building Height': '2 Stories', 'Building FAR': '1.43', 'Land Acres': '0.16 AC'}"
LN-18436670,https://www.loopnet.com/Listing/1944-Milwaukee-Way-Tacoma-WA/18436670/,"1944 Milwaukee Way, Tacoma, WA 98421","{'Price': '$2,200,000', 'No.Stories': '1', 'PricePerSF': '$218', 'YearBuilt': '1964', 'SaleType': 'OwnerUser', 'Tenancy': 'Single', 'PropertyType': 'Industrial', 'ParkingRatio': '0.71/1,000SF', 'PropertySubtype': 'Warehouse', 'No.Dock-HighDoors/Loading': '1', 'BuildingClass': 'C', 'No.DriveIn/Grade-LevelDoors': '1', 'LotSize': '0.94AC', 'OpportunityZone': 'No', 'RentableBuildingArea': '10,100SF', '': ''}"
LN-18337628,https://www.loopnet.com/Listing/68317-SR-410-E-Enumclaw-WA/18337628/,"68317 SR 410 E, Enumclaw, WA 98022","{'Price': '$5,250,000', 'LotSize': '22.00AC', 'PricePerRoom': '$187,500', 'BuildingSize': '15,000SF', 'SaleType': 'Investment', 'No.Rooms': '28', 'CapRate': '9.31%', 'No.Stories': '2', 'PropertyType': 'Hospitality', 'YearBuilt': '1960', 'PropertySubtype': 'MotelHospitalityHotel', 'Corridor': 'Exterior', 'BuildingClass': 'B', 'OpportunityZone': 'No'}"
LN-18288967,https://www.loopnet.com/Listing/9402-Front-St-S-Lakewood-WA/18288967/,"9402 Front St S, Lakewood, WA 98499","{'Price': '$230,000', 'PropertySubtype': 'Commercial', 'SaleType': 'Investment', 'ProposedUse': 'CommercialIndustrial', 'No.Lots': '1', 'TotalLotSize': '0.79AC', 'PropertyType': 'Land', 'OpportunityZone': 'No'}"
LN-18181205,https://www.loopnet.com/Listing/18811-38th-Ave-E-Tacoma-WA/18181205/,"18811 38th Ave E, Tacoma, WA 98446","{'Price': '$495,000', 'ProposedUse': 'IndustrialOfficeSelfStorageWarehouse', 'SaleType': 'Investment', 'TotalLotSize': '0.98AC', 'No.Lots': '1', 'CrossStreets': '189thStE', 'PropertyType': 'Land', 'OpportunityZone': 'No', 'PropertySubtype': 'Industrial', '': ''}"
LN-18181149,https://www.loopnet.com/Listing/21509-Mountain-Hwy-E-Spanaway-WA/18181149/,"21509 Mountain Hwy E, Spanaway, WA 98387","{'Price': '$600,000', 'PropertySubtype': 'Commercial', 'SaleType': 'Investment', 'TotalLotSize': '1.62AC', 'No.Lots': '1', 'OpportunityZone': 'No', 'PropertyType': 'Land', '': ''}"
LN-17665091,https://www.loopnet.com/Listing/Brand-New-25-Year-CVS-Portfolio/17665091/,Brand New 25-Year CVS Portfolio,"{'Price': '$90,717,926', 'NumberofProperties': '15', 'Price/SF': '$517.00/SF', 'IndividuallyForSale': '0', 'CapRate': '5.64%', 'TotalBuildingSize': '175,469SF', 'SaleType': 'Investment', 'TotalLandArea': '18.47AC', 'Status': 'Active', '': ''}"
LN-17654193,https://www.loopnet.com/Listing/7519-48th-St-E-Fife-WA/17654193/,"7519 48th St E, Fife, WA 98424","{'Price': '$1,850,000', 'PropertySubtype': 'Commercial', 'SaleType': 'Investment', 'TotalLotSize': '5.86AC', 'No.Lots': '1', 'OpportunityZone': 'No', 'PropertyType': 'Land', '': ''}"
LN-17590723,https://www.loopnet.com/Listing/16017-60th-St-E-Sumner-WA/17590723/,"16017 60th St E, Sumner, WA 98390","{'Price': '$2,100,000', 'PropertySubtype': 'Commercial', 'SaleType': 'Investment', 'ProposedUse': 'Multifamily', 'SaleConditions': 'RedevelopmentProject', 'TotalLotSize': '4.00AC', 'No.Lots': '1', 'OpportunityZone': 'No', 'PropertyType': 'Land', '': ''}"
LN-17033691,https://www.loopnet.com/Listing/412-23rd-St-Puyallup-WA/17033691/,"412 23rd St, Puyallup, WA 98372","{'Price': '$800,000', 'PropertySubtype': 'Commercial', 'SaleType': 'Investment', 'TotalLotSize': '1.13AC', 'No.Lots': '1', 'OpportunityZone': 'No', 'PropertyType': 'Land', '': ''}"
LN-16845083,https://www.loopnet.com/Listing/11721-Burnham-Dr-NW-Gig-Harbor-WA/16845083/,"11721 Burnham Dr NW, Gig Harbor, WA 98332","{'Price': '$320,000', 'PropertySubtype': 'Commercial', 'SaleType': 'InvestmentorOwnerUser', 'ProposedUse': 'RetailOffice', 'No.Lots': '1', 'TotalLotSize': '0.98AC', 'PropertyType': 'Land', 'OpportunityZone': 'No'}"
LN-16681285,https://www.loopnet.com/Listing/1502-6th-Ave-Tacoma-WA/16681285/,"1502 6th Ave, Tacoma, WA 98405","{'Sale Type': 'Investment', 'Sale Condition': 'Redevelopment Project', 'Property Type': 'Retail', 'Property Subtype': 'FreestandingFreestandingGeneral Retail Auto RepairGeneral Retail Service StationIndustrial ServiceFreestanding', 'Building Size': '1,747 SF', 'Building Class': 'C', 'Year Built': '1963', 'Price': '$800,000', 'Price Per SF': '$458', 'Cap Rate': '9.37%', 'Year-1 NOI': '$74,925', 'Tenancy': 'Single', 'Building Height': '1 Story', 'Building FAR': '0.11', 'Land Acres': '0.37 AC'}"
LN-16445283,https://www.loopnet.com/Listing/12221-Shaw-Rd-Puyallup-WA/16445283/,"12221 Shaw Rd, Puyallup, WA 98374","{'Price': '$2,300,000', 'PropertySubtype': 'Commercial', 'SaleType': 'OwnerUser', 'ProposedUse': 'RetailMultifamilySelfStorage', 'No.Lots': '1', 'TotalLotSize': '5.64AC', 'PropertyType': 'Land', 'OpportunityZone': 'No'}"
LN-16434342,https://www.loopnet.com/Listing/5019-E-Valley-Hwy-E-Sumner-WA/16434342/,"5019 E Valley Hwy E, Sumner, WA 98390","{'Price': '$450,000', 'PropertySubtype': 'Commercial', 'SaleType': 'OwnerUser', 'ProposedUse': 'OfficeMixedUse', 'No.Lots': '1', 'TotalLotSize': '0.90AC', 'PropertyType': 'Land', 'OpportunityZone': 'No'}"
LN-15917729,https://www.loopnet.com/Listing/5814-176th-St-E-Puyallup-WA/15917729/,"5814 176th St E, Puyallup, WA 98375","{'Price': '$4,982,393', 'PropertySubtype': 'Commercial', 'SaleType': 'Investment', 'ProposedUse': 'IndustrialOfficeMixedUseBankMedical', 'SaleConditions': 'BuildtoSuit', 'TotalLotSize': '8.17AC', 'No.Lots': '1', 'OpportunityZone': 'No', 'PropertyType': 'Land', '': ''}"
LN-15375772,https://www.loopnet.com/Listing/5448-S-Tacoma-Way-Tacoma-WA/15375772/,"5448 S Tacoma Way, Tacoma, WA 98409","{'Sale Type': 'Investment or Owner User', 'Property Type': 'Retail', 'Property Subtype': 'Bank', 'Building Size': '20,000 SF', 'Building Class': 'B', 'Year Built': '1920', 'Price': '$2,499,999', 'Price Per SF': '$125', 'Percent Leased': '1%', 'Tenancy': 'Multiple', 'Building Height': '2 Stories', 'Building FAR': '0.38', 'Land Acres': '1.20 AC'}"
LN-15190913,https://www.loopnet.com/Listing/2725-Henry-Rd-Tacoma-WA/15190913/,"2725 Henry Rd, Tacoma, WA 98403","{'Price': '$990,000', 'PropertySubtype': 'Residential', 'SaleType': 'Investment', 'TotalLotSize': '4.20AC', 'No.Lots': '1', 'OpportunityZone': 'No', 'PropertyType': 'Land', '': ''}"
LN-15108367,https://www.loopnet.com/Listing/2512-Holgate-St-Tacoma-WA/15108367/,"2512 Holgate St, Tacoma, WA 98402","{'Price': '$3,895,000', 'RentableBuildingArea': '28,800SF', 'PricePerSF': '$135', 'No.Stories': '2', 'SaleType': 'Investment', 'YearBuilt': '1890', 'PropertyType': 'Industrial', 'ParkingRatio': '0.36/1,000SF', 'PropertySubtype': 'Warehouse', 'ClearCeilingHeight': '22FT', 'BuildingClass': 'C', 'No.DriveIn/Grade-LevelDoors': '1', 'LotSize': '0.41AC', 'OpportunityZone': 'Yes'}"
LN-15105812,https://www.loopnet.com/Listing/18202-Canyon-Rd-E-Puyallup-WA/15105812/,"18202 Canyon Rd E, Puyallup, WA 98375","{'Price': '$300,000', 'PropertySubtype': 'Industrial', 'SaleType': 'Investment', 'TotalLotSize': '1.31AC', 'No.Lots': '1', 'CrossStreets': '184thStE', 'PropertyType': 'Land', 'OpportunityZone': 'No'}"
LN-14295916,https://www.loopnet.com/Listing/11605-Pacific-Hwy-SW-Lakewood-WA/14295916/,"11605 Pacific Hwy SW, Lakewood, WA 98499","{'Sale Type': 'Owner User', 'Property Type': 'Retail', 'Property Subtype': 'Auto Dealership', 'Building Size': '4,208 SF', 'Building Class': 'C', 'Year Built': '1963', 'Price': '$700,000', 'Price Per SF': '$166', 'Tenancy': 'Single', 'Building Height': '1 Story', 'Building FAR': '0.14', 'Land Acres': '0.68 AC'}"
LN-14192655,https://www.loopnet.com/Listing/11619-Pacific-Hwy-SW-Lakewood-WA/14192655/,"11619 Pacific Hwy SW, Lakewood, WA 98499","{'Sale Type': 'Owner User', 'Property Type': 'Retail', 'Property Subtype': 'Auto Repair', 'Building Size': '4,208 SF', 'Building Class': 'C', 'Year Built': '1963', 'Price': '$700,000', 'Price Per SF': '$166', 'Tenancy': 'Single', 'Building Height': '1 Story', 'Building FAR': '0.14', 'Land Acres': '0.67 AC'}"
LN-14109212,https://www.loopnet.com/Listing/401-E-15th-St-Tacoma-WA/14109212/,"401 E 15th St, Tacoma, WA 98421","{'Price': '$5,750,000', 'LotSize': '6.80AC', 'PricePerSF': '$68', 'BuildingSize': '84,285SF', 'SaleType': 'OwnerUser', 'No.Stories': '1', 'PropertyType': 'Specialty', 'YearBuilt': '1998', 'PropertySubtype': 'Shipyard', 'ClearCeilingHeight': '25FT', 'BuildingClass': 'C', 'OpportunityZone': 'No'}"
LN-13929508,https://www.loopnet.com/Listing/18426-Veterans-Memorial-Hwy-Bonney-Lake-WA/13929508/,"18426 Veterans Memorial Hwy, Bonney Lake, WA 98391","{'Price': '$450,000', 'PropertySubtype': 'Commercial', 'SaleType': 'Investment', 'ProposedUse': 'CommercialRetailOfficeApartmentUnitsApartmentUnits-Senior', 'No.Lots': '1', 'TotalLotSize': '1.57AC', 'PropertyType': 'Land', 'OpportunityZone': 'No'}"
LN-12239208,https://www.loopnet.com/Listing/6902-27th-St-W-University-Place-WA/12239208/,"6902 27th St W, University Place, WA 98466","{'Price': '$3,430,350', 'PropertySubtype': 'Commercial', 'SaleType': 'Investment', 'TotalLotSize': '2.54AC', 'No.Lots': '1', 'OpportunityZone': 'No', 'PropertyType': 'Land', '': ''}"
LN-11150078,https://www.loopnet.com/Listing/5408-Steilacoom-Blvd-SW-Lakewood-WA/11150078/,"5408 Steilacoom Blvd SW, Lakewood, WA 98499","{'Sale Type': 'Owner User', 'Property Type': 'Retail', 'Property Subtype': 'Restaurant', 'Building Size': '4,400 SF', 'Building Class': 'B', 'Year Built/Renovated': '1927/1978', 'Price': '$395,000', 'Price Per SF': '$90', 'Percent Leased': '100%', 'Building Height': '1 Story', 'Building FAR': '0.36', 'Land Acres': '0.28 AC'}"
LN-/8895301,https://www.loopnet.com/Listing/176th-St-Puyallup-WA/8895301/,"176th St, Puyallup, WA 98375","{'Price': '$692,000', 'PropertySubtype': 'Commercial', 'SaleType': 'InvestmentorOwnerUser', 'ProposedUse': 'Retail', 'No.Lots': '1', 'TotalLotSize': '0.69AC', 'PropertyType': 'Land', 'OpportunityZone': 'No'}"
LN-/7336077,https://www.loopnet.com/Listing/12111-Pacific-Hwy-S-Lakewood-WA/7336077/,"12111 Pacific Hwy S, Lakewood, WA 98499","{'Price': '$1,350,000', 'PropertySubtype': 'Commercial', 'SaleType': 'Investment', 'ProposedUse': 'Commercial', 'No.Lots': '1', 'TotalLotSize': '1.41AC', 'PropertyType': 'Land', 'OpportunityZone': 'Yes'}"
LN-/6176568,https://www.loopnet.com/Listing/18414-Veterans-Memorial-Hwy-Bonney-Lake-WA/6176568/,"18414 Veterans Memorial Hwy, Bonney Lake, WA 98391","{'Price': '$297,000', 'PropertySubtype': 'Commercial', 'SaleType': 'Investment', 'ProposedUse': 'CommercialRetailOfficeApartmentUnitsApartmentUnits-SeniorRestaurant', 'No.Lots': '1', 'TotalLotSize': '0.57AC', 'PropertyType': 'Land', 'OpportunityZone': 'No'}"
LN-/5650350,https://www.loopnet.com/Listing/9321-S-Tacoma-Way-Lakewood-WA/5650350/,"9321 S Tacoma Way, Lakewood, WA 98499","{'Sale Type': 'Owner User', 'Property Type': 'Retail', 'Property Subtype': 'Freestanding', 'Building Size': '2,032 SF', 'Building Class': 'C', 'Year Built': '1947', 'Price': '$1,100,000', 'Price Per SF': '$541', 'Percent Leased': '100%', 'Tenancy': 'Multiple', 'Building Height': '1 Story', 'Building FAR': '0.05', 'Land Acres': '1.00 AC'}"
LN-/4000808,https://www.loopnet.com/Listing/22605-22723-22809-Meridian-Ave/4000808/,"22605, 22723 & 22809 Meridian Ave","{'Price': '$8,122,000', 'NumberofProperties': '3', 'SaleType': 'Investment', 'IndividuallyForSale': '0', 'Status': 'Active', 'TotalLandArea': '11.82AC'}"
LN-/3958478,https://www.loopnet.com/Listing/3230-N-Narrows-Dr-Tacoma-WA/3958478/,"3230 N Narrows Dr, Tacoma, WA 98407","{'Price': '$7,900,000', 'PropertySubtype': 'Residential', 'SaleType': 'Investment', 'TotalLotSize': '46.32AC', 'No.Lots': '1', 'OpportunityZone': 'No', 'PropertyType': 'Land', '': ''}"
LN-/3945583,https://www.loopnet.com/Listing/19406-Mountain-Hwy-E-Spanaway-WA/3945583/,"19406 Mountain Hwy E, Spanaway, WA 98387","{'Price': '$5,400,000', 'PropertySubtype': 'Commercial', 'SaleType': 'Investment', 'ProposedUse': 'RetailOfficeGeneralFreestanding', 'No.Lots': '1', 'TotalLotSize': '17.89AC', 'PropertyType': 'Land', 'OpportunityZone': 'No'}"
LN-/3911031,https://www.loopnet.com/Listing/16611-Canyon-Rd-E-Puyallup-WA/3911031/,"16611 Canyon Rd E, Puyallup, WA 98375","{'Price': '$4,000,000', 'PropertySubtype': 'Commercial', 'SaleType': 'Investment', 'ProposedUse': 'RetailMixedUse', 'No.Lots': '1', 'TotalLotSize': '6.36AC', 'PropertyType': 'Land', 'OpportunityZone': 'No'}"
LN-/3857046,https://www.loopnet.com/Listing/Military-Rd-E-Edgewood-WA/3857046/,"Military Rd E, Edgewood, WA 98372","{'Price': '$990,000', 'PropertySubtype': 'Residential', 'SaleType': 'Investment', 'TotalLotSize': '4.63AC', 'No.Lots': '1', 'OpportunityZone': 'No', 'PropertyType': 'Land', '': ''}"
LN-/3839013,https://www.loopnet.com/Listing/8306-8314-166th-St-E-Puyallup-WA/3839013/,"8306-8314 166th St E, Puyallup, WA 98375","{'Price': '$995,000', 'PropertySubtype': 'Residential', 'SaleType': 'Investment', 'TotalLotSize': '9.98AC', 'No.Lots': '1', 'OpportunityZone': 'No', 'PropertyType': 'Land', '': ''}"
LN-/3788534,https://www.loopnet.com/Listing/4723-E-Freeman-Rd-Puyallup-WA/3788534/,"4723 E Freeman Rd, Puyallup, WA 98371","{'Price': '$1,650,000', 'PropertySubtype': 'Commercial', 'SaleType': 'Investment', 'ProposedUse': 'NeighborhoodCenter', 'No.Lots': '1', 'TotalLotSize': '5.41AC', 'PropertyType': 'Land', 'OpportunityZone': 'No'}"
LN-/3726167,https://www.loopnet.com/Listing/1123-Pacific-Ave-Tacoma-WA/3726167/,"1123 Pacific Ave, Tacoma, WA 98402","{'Sale Type': 'Investment or Owner User', 'Property Type': 'Office', 'Building Size': '26,804 SF', 'Building Class': 'B', 'Year Built/Renovated': '1919/2007', 'Price': '$4,975,000', 'Price Per SF': '$186', 'Percent Leased': '7%', 'Tenancy': 'Multiple', 'Building Height': '5 Stories', 'Typical Floor Size': '5,361 SF', 'Building FAR': '4.40', 'Land Acres': '0.14 AC'}"
LN-21490344,https://www.loopnet.com/Listing/10002-Steele-St-Tacoma-WA/21490344/,"10002 Steele St, Tacoma, WA 98444","{'SaleType': 'InvestmentorOwnerUser', 'YearBuilt': '2021', 'PropertyType': 'Industrial', 'ParkingRatio': '1.33/1,000SF', 'BuildingClass': 'A', 'ClearCeilingHeight': '32FT', 'LotSize': '7.09AC', 'No.Dock-HighDoors/Loading': '17', 'ConstructionStatus': 'Proposed', 'No.DriveIn/Grade-LevelDoors': '2', 'RentableBuildingArea': '128,441SF', 'OpportunityZone': 'No', 'No.Stories': '1', '': ''}"
LN-21229150,https://www.loopnet.com/Listing/3727-112th-St-SW-Lakewood-WA/21229150/,"3727 112th St SW, Lakewood, WA 98499","{'SaleType': 'OwnerUser', 'YearBuilt': '1992', 'PropertyType': 'Industrial', 'Tenancy': 'Single', 'PropertySubtype': 'Warehouse', 'ParkingRatio': '0.91/1,000SF', 'BuildingClass': 'C', 'No.Dock-HighDoors/Loading': '2', 'LotSize': '0.63AC', 'No.DriveIn/Grade-LevelDoors': '2', 'RentableBuildingArea': '17,673SF', 'OpportunityZone': 'No', 'No.Stories': '1', '': ''}"
LN-20921986,https://www.loopnet.com/Listing/821-Dock-St-Tacoma-WA/20921986/,"821 Dock St, Tacoma, WA 98402","{'SaleType': 'Investment', 'No.Stories': '2', 'PropertyType': 'Industrial', 'YearBuilt': '1980', 'PropertySubtype': 'Warehouse', 'ParkingRatio': '1.5/1,000SF', 'BuildingClass': 'B', 'ClearCeilingHeight': '18FT', 'LotSize': '2.76AC', 'No.DriveIn/Grade-LevelDoors': '1', 'RentableBuildingArea': '24,442SF', 'OpportunityZone': 'No'}"
LN-19771017,https://www.loopnet.com/Listing/State-Route-7-Spanaway-WA/19771017/,"State Route 7, Spanaway, WA 98387","{'SaleType': 'InvestmentorOwnerUser', 'PropertySubtype': 'Residential', 'SaleConditions': 'AuctionSale', 'TotalLotSize': '280.00AC', 'No.Lots': '1', 'OpportunityZone': 'No', 'PropertyType': 'Land', '': ''}"
LN-17213558,https://www.loopnet.com/Listing/Cedar-Plaza/17213558/,Cedar Plaza,"{'SaleType': 'Investment', 'IndividuallyForSale': '0', 'Status': 'Active', 'TotalBuildingSize': '55,600SF', 'NumberofProperties': '3', 'TotalLandArea': '4.16AC'}"
LN-14058037,https://www.loopnet.com/Listing/Portfolio-Sale-of-2-Lakewood-Properties/14058037/,Portfolio of 2 Properties,"{'SaleType': 'InvestmentorOwnerUser', 'IndividuallyForSale': '0', 'Status': 'Active', 'TotalBuildingSize': '501,000SF', 'NumberofProperties': '2', 'TotalLandArea': '44.08AC'}"
LN-/3884778,https://www.loopnet.com/Listing/5412-176th-St-E-Puyallup-WA/3884778/,"5412 176th St E, Puyallup, WA 98375","{'SaleType': 'OwnerUser', 'ProposedUse': 'RetailOffice', 'No.Lots': '1', 'TotalLotSize': '12.97AC', 'PropertyType': 'Land', 'OpportunityZone': 'No', 'PropertySubtype': 'Commercial', '': ''}"
LN-/3833911,https://www.loopnet.com/Listing/35026-90th-Ave-S-Roy-WA/3833911/,"35026 90th Ave S, Roy, WA 98580","{'SaleType': 'Investment', 'ProposedUse': 'Commercial', 'No.Lots': '1', 'TotalLotSize': '4.99AC', 'PropertyType': 'Land', 'OpportunityZone': 'No', 'PropertySubtype': 'Commercial', '': ''}"
LN-21413607,https://www.loopnet.com/Listing/12505-Canyon-Rd-E-Puyallup-WA/21413607/,"12505 Canyon Rd E, Puyallup, WA 98373","{'Price': '$740,520', 'ProposedUse': 'CommercialIndustrialRetailOfficeAutoRepairBankCarwashContractorStorageYardConvenienceStoreDaycareCenterFastFoodHealthcareMedicalOfficeParkRestaurantRetailWarehouseWarehouse', 'SaleType': 'Investment', 'TotalLotSize': '3.40AC', 'No.Lots': '1', 'CrossStreets': '108thSt.', 'PropertyType': 'Land', 'OpportunityZone': 'No', 'PropertySubtype': 'Commercial', '': ''}"
LN-21165916,https://www.loopnet.com/Listing/10012-225th-St-Ct-Graham-WA/21165916/,"10012 225th St Ct, Graham, WA 98338","{'Price': '$475,000', 'PropertySubtype': 'Industrial', 'SaleType': 'InvestmentorOwnerUser', 'TotalLotSize': '8.12AC', 'No.Lots': '1', 'OpportunityZone': 'No', 'PropertyType': 'Land', '': ''}"
LN-20509898,https://www.loopnet.com/Listing/16305-60th-St-E-Sumner-WA/20509898/,"16305 60th St E, Sumner, WA 98390","{'Price': '$600,000', 'PropertySubtype': 'Commercial', 'SaleType': 'Investment', 'ProposedUse': 'Multifamily', 'No.Lots': '1', 'TotalLotSize': '0.60AC', 'PropertyType': 'Land', 'OpportunityZone': 'No'}"
LN-19938315,https://www.loopnet.com/Listing/30-Acres-in-Pierce-County-Graham-WA/19938315/,"30 Acres in Pierce County, Graham, WA 98338","{'Price': '$1,000,000', 'PropertySubtype': 'Residential', 'SaleType': 'Investment', 'TotalLotSize': '30.00AC', 'No.Lots': '1', 'OpportunityZone': 'No', 'PropertyType': 'Land', '': ''}"
LN-15219511,https://www.loopnet.com/Listing/13305-Canyon-Rd-E-Puyallup-WA/15219511/,"13305 Canyon Rd E, Puyallup, WA 98373","{'SaleType': 'Investment', 'ProposedUse': 'Industrial', 'No.Lots': '1', 'TotalLotSize': '4.25AC', 'PropertyType': 'Land', 'OpportunityZone': 'No', 'PropertySubtype': 'Commercial', '': ''}"
LN-15045697,https://www.loopnet.com/Listing/10821-Valley-Ave-E-Puyallup-WA/15045697/,"10821 Valley Ave E, Puyallup, WA 98372","{'Price': '$2,400,000', 'PropertySubtype': 'Commercial', 'SaleType': 'Investment', 'ProposedUse': 'CommercialRetailApartmentUnits', 'No.Lots': '1', 'TotalLotSize': '4.59AC', 'PropertyType': 'Land', 'OpportunityZone': 'No'}"
LN-12937242,https://www.loopnet.com/Listing/1313-Meridian-Ave-E-Milton-WA/12937242/,"1313 Meridian Ave E, Milton, WA 98354","{'Price': '$1,536,150', 'PropertySubtype': 'Commercial', 'SaleType': 'Investment', 'ProposedUse': 'CommercialRetail', 'No.Lots': '1', 'TotalLotSize': '1.01AC', 'PropertyType': 'Land', 'OpportunityZone': 'No'}"
LN-12170223,https://www.loopnet.com/Listing/20115-20317-Meridian-Ave-E-Graham-WA/12170223/,"20115-20317 Meridian Ave E, Graham, WA 98338","{'Price': '$1,000,000', 'PropertySubtype': 'Residential', 'SaleType': 'Investment', 'TotalLotSize': '23.69AC', 'No.Lots': '1', 'OpportunityZone': 'No', 'PropertyType': 'Land', '': ''}"
LN-11493457,https://www.loopnet.com/Listing/NW-Freeman-Rd-26th-St-Fife-WA/11493457/,"NW Freeman Rd & 26th St, Fife, WA 98424","{'SaleType': 'Investment', 'PropertySubtype': 'Commercial', 'No.Lots': '1', 'TotalLotSize': '1.71AC', 'PropertyType': 'Land', 'OpportunityZone': 'No'}"
LN-11124983,https://www.loopnet.com/Listing/524-Meridian-Ave-Milton-WA/11124983/,"524 Meridian Ave, Milton, WA 98354","{'SaleType': 'Investment', 'PropertySubtype': 'Commercial', 'No.Lots': '1', 'TotalLotSize': '1.07AC', 'PropertyType': 'Land', 'OpportunityZone': 'No'}"
LN-/8625418,https://www.loopnet.com/Listing/123-150th-Ct-S-Tacoma-WA/8625418/,"123 150th Ct S, Tacoma, WA 98445","{'SaleType': 'Investment', 'ProposedUse': 'Retail', 'No.Lots': '1', 'TotalLotSize': '1.40AC', 'PropertyType': 'Land', 'OpportunityZone': 'No', 'PropertySubtype': 'Commercial', '': ''}"
LN-/3934491,https://www.loopnet.com/Listing/14401-Pacific-Ave-Tacoma-WA/3934491/,"14401 Pacific Ave, Tacoma, WA 98444","{'SaleType': 'Investment', 'ProposedUse': 'CommercialHoldForDevelopmentSpecialty,FestivalorEntertainment', 'No.Lots': '1', 'TotalLotSize': '14.21AC', 'PropertyType': 'Land', 'OpportunityZone': 'No', 'PropertySubtype': 'Commercial', '': ''}"
